[
  {
    "name": "Shivangouda B Patil",
    "address": "fghggh",
    "items": [
      {
        "id": 41,
        "name": "Sunglasses 1",
        "price": 36.76,
        "category": "Accessories",
        "image": "images/sunglasses.jpg"
      },
      {
        "id": 59,
        "name": "Ring 19",
        "price": 96.25,
        "category": "Accessories",
        "image": "images/ring.jpg"
      }
    ],
    "total": 133.01
  },
  {
    "name": "Shivangouda B Patil",
    "address": "fghggh",
    "items": [
      {
        "id": 2,
        "name": "Jacket 2",
        "price": 51.14,
        "category": "Clothing",
        "image": "images/jacket.jpg"
      },
      {
        "id": 1,
        "name": "Sweater 1",
        "price": 10.78,
        "category": "Clothing",
        "image": "images/th.jpeg"
      }
    ],
    "total": 61.92
  },
  {
    "name": "Shivangouda B Patil",
    "address": "fghggh",
    "items": [
      {
        "id": 1,
        "name": "Sweater 1",
        "price": 10.78,
        "category": "Clothing",
        "image": "images/th.jpeg"
      },
      {
        "id": 2,
        "name": "Jacket 2",
        "price": 51.14,
        "category": "Clothing",
        "image": "images/jacket.jpg"
      },
      {
        "id": 3,
        "name": "T-Shirt 3",
        "price": 67.77,
        "category": "Clothing",
        "image": "images/t-shirt.jpg"
      },
      {
        "id": 29,
        "name": "Camera 9",
        "price": 27.6,
        "category": "Electronics",
        "image": "images/camera.jpg"
      }
    ],
    "total": 157.29
  },
  {
    "name": "siddu",
    "address": "kle",
    "items": [
      {
        "id": 1,
        "name": "Sweater 1",
        "price": 10.78,
        "category": "Clothing",
        "image": "images/th.jpeg"
      },
      {
        "id": 22,
        "name": "Charger 2",
        "price": 78.22,
        "category": "Electronics",
        "image": "images/charger.jpg"
      },
      {
        "id": 23,
        "name": "Monitor 3",
        "price": 75.88,
        "category": "Electronics",
        "image": "images/monitor.jpg"
      },
      {
        "id": 32,
        "name": "Camera 12",
        "price": 11.42,
        "category": "Electronics",
        "image": "images/camera.jpg"
      },
      {
        "id": 37,
        "name": "Monitor 17",
        "price": 65.86,
        "category": "Electronics",
        "image": "images/monitor.jpg"
      }
    ],
    "total": 242.15999999999997
  },
  {
    "name": "Shivan",
    "address": "kle",
    "items": [
      {
        "id": 1,
        "name": "Sweater 1",
        "price": 10.78,
        "category": "Clothing",
        "image": "images/th.jpeg"
      },
      {
        "id": 9,
        "name": "Shorts 9",
        "price": 23.63,
        "category": "Clothing",
        "image": "images/shorts.jpg"
      },
      {
        "id": 18,
        "name": "Jacket 18",
        "price": 38.58,
        "category": "Clothing",
        "image": "images/jacket.jpg"
      },
      {
        "id": 12,
        "name": "Shoes 12",
        "price": 72.3,
        "category": "Clothing",
        "image": "images/shoes.jpg"
      },
      {
        "id": 3,
        "name": "T-Shirt 3",
        "price": 67.77,
        "category": "Clothing",
        "image": "images/t-shirt.jpg"
      },
      {
        "id": 6,
        "name": "Shorts 6",
        "price": 90.68,
        "category": "Clothing",
        "image": "images/shorts.jpg"
      },
      {
        "id": 17,
        "name": "Jacket 17",
        "price": 74.21,
        "category": "Clothing",
        "image": "images/jacket.jpg"
      }
    ],
    "total": 377.95
  },
  {
    "name": "Shivangouda B Patil",
    "address": "fggf",
    "items": [
      {
        "id": 41,
        "name": "Sunglasses 1",
        "price": 36.76,
        "category": "Accessories",
        "image": "images/sunglasses.jpg"
      },
      {
        "id": 42,
        "name": "Necklace 2",
        "price": 33.37,
        "category": "Accessories",
        "image": "images/necklace.jpg"
      }
    ],
    "total": 70.13
  },
  {
    "name": "shivu",
    "address": "kle",
    "items": [
      {
        "id": 1,
        "name": "Sweater 1",
        "price": 10.78,
        "category": "Clothing",
        "image": "images/th.jpeg"
      },
      {
        "id": 2,
        "name": "Jacket 2",
        "price": 51.14,
        "category": "Clothing",
        "image": "images/jacket.jpg"
      }
    ],
    "total": 61.92
  },
  {
    "name": "shivu",
    "address": "kle",
    "items": [
      {
        "id": 41,
        "name": "Sunglasses 1",
        "price": 36.76,
        "category": "Accessories",
        "image": "images/sunglasses.jpg"
      },
      {
        "id": 1,
        "name": "Sweater 1",
        "price": 10.78,
        "category": "Clothing",
        "image": "images/th.jpeg"
      },
      {
        "id": 2,
        "name": "Jacket 2",
        "price": 51.14,
        "category": "Clothing",
        "image": "images/jacket.jpg"
      },
      {
        "id": 3,
        "name": "T-Shirt 3",
        "price": 67.77,
        "category": "Clothing",
        "image": "images/t-shirt.jpg"
      },
      {
        "id": 4,
        "name": "Sweater 4",
        "price": 90.55,
        "category": "Clothing",
        "image": "images/sweater.jpg"
      },
      {
        "id": 5,
        "name": "Shorts 5",
        "price": 37.77,
        "category": "Clothing",
        "image": "images/shorts.jpg"
      }
    ],
    "total": 294.77
  },
  {
    "name": "Shivangouda Patil",
    "address": "kle",
    "items": [
      {
        "id": 1,
        "name": "Sweater 1",
        "price": 10.78,
        "category": "Clothing",
        "image": "images/th.jpeg"
      },
      {
        "id": 11,
        "name": "Scarf 11",
        "price": 67.55,
        "category": "Clothing",
        "image": "images/scarf.jpg"
      },
      {
        "id": 10,
        "name": "Cap 10",
        "price": 15.38,
        "category": "Clothing",
        "image": "images/cap.jpg"
      },
      {
        "id": 14,
        "name": "Shoes 14",
        "price": 88.3,
        "category": "Clothing",
        "image": "images/shoes.jpg"
      }
    ],
    "total": 182.01
  },
  {
    "name": "Shivangouda B Patil",
    "address": "kle",
    "items": [
      {
        "id": 5,
        "name": "Shorts ",
        "price": 37.77,
        "category": "Clothing",
        "image": "images/shorts.jpg"
      }
    ],
    "total": 37.77
  },
  {
    "name": "Shivan",
    "address": "kle",
    "items": [
      {
        "id": 2,
        "name": "Jacket ",
        "price": 51.14,
        "category": "Clothing",
        "image": "images/jacket.jpg"
      },
      {
        "id": 4,
        "name": "Sweater ",
        "price": 90.55,
        "category": "Clothing",
        "image": "images/sweater.jpg"
      },
      {
        "id": 9,
        "name": "Shorts ",
        "price": 23.63,
        "category": "Clothing",
        "image": "images/shorts.jpg"
      }
    ],
    "total": 165.32
  },
  {
    "name": "Shivangouda Patil",
    "address": "fggf",
    "items": [
      {
        "id": 3,
        "name": "T-Shirt ",
        "price": 67.77,
        "category": "Clothing",
        "image": "images/t-shirt.jpg"
      }
    ],
    "total": 67.77
  },
  {
    "name": "Shivangouda B Patil",
    "address": "fggf",
    "items": [
      {
        "id": 55,
        "name": "Bottle 15",
        "price": 70.23,
        "category": "Accessories",
        "image": "images/bottle.jpg"
      },
      {
        "id": 3,
        "name": "T-Shirt ",
        "price": 67.77,
        "category": "Clothing",
        "image": "images/2.jpeg"
      },
      {
        "id": 1,
        "name": "Sweater ",
        "price": 10.78,
        "category": "Clothing",
        "image": "images/th.jpeg"
      }
    ],
    "total": 148.78,
    "user": "abhi"
  },
  {
    "name": "Shivangouda B Patil",
    "address": "kle",
    "items": [
      {
        "id": 1,
        "name": "Sweater ",
        "price": 10.78,
        "category": "Clothing",
        "image": "images/th.jpeg"
      }
    ],
    "total": 10.78,
    "user": "subhu"
  },
  {
    "name": "Shivangouda B Patil",
    "address": "fghggh",
    "items": [],
    "total": 0,
    "user": "SAI"
  },
  {
    "name": "Shivangouda B Patil",
    "address": "kle",
    "items": [
      {
        "id": 2,
        "name": "Jacket ",
        "price": 51.14,
        "category": "Clothing",
        "image": "images/1.jpg"
      }
    ],
    "total": 51.14,
    "user": "SUMIT"
  }
]