[
  {
    "username": "sumit",
    "password": "1234"
  },
  {
    "username": "siddu",
    "password": "1234"
  },
  {
    "username": "shivu",
    "password": "1111"
  },
  {
    "username": "sidd",
    "password": "2345"
  },
  {
    "username": "raju",
    "password": "1234"
  },
  {
    "username": "shivangoudapatil",
    "password": "1234"
  },
  {
    "username": "ssss",
    "password": "1234"
  },
  {
    "username": "abhi",
    "password": "1234"
  },
  {
    "username": "mur",
    "password": "1234"
  },
  {
    "username": "shivuu",
    "password": "1234"
  },
  {
    "username": "subhu",
    "password": "1234"
  },
  {
    "username": "SAI",
    "password": "1234"
  },
  {
    "username": "SUMIT",
    "password": "1234"
  }
]